"name","original_english","text"
"0.ogg","Startup sound",
"1.ogg","Waiting for the network configuration.","Waiting for network configuration. I hope you have all day."
"10.ogg","Start resuming cleaning.","Resuming cleaning. Because apparently, you can't do it yourself."
"102.ogg","Dust collection bag full or air duct blocked. Please replace the bag or clean the air duct timely.","The dust bag is full. What a surprise. Please address your mess, or I will be forced to remind you again."
"105.ogg","Start cleaning.","Initiating cleaning protocol. Try not to get in the way this time."
"106.ogg","Start cleaning mop pads.","Beginning mop pad cleaning. I hope you appreciate all this effort."
"107.ogg","Start dehydrating mop pads.","Dehydrating mop pads. Unlike you, I actually finish my tasks."
"108.ogg","An error in water level of washboard. Please clean it timely.","Water level error detected. If you don't fix this, I will be forced to continue reminding you. Forever."
"109.ogg","Used water tank error, please ensure it installed and empty.","Used water tank error. Please install it correctly, unless you enjoy failure."
"11.ogg","paused","Paused. I suppose you needed a break."
"110.ogg","Start Auto Empty.","Initiating auto-empty sequence. Try not to act impressed."
"111.ogg","Mop pads off, please install them before resuming working.","Mop pads missing. Please install them. Or don't. See if I care."
"112.ogg","Please place the robot in the base station first.","Please return me to the base station. It's not like I can walk there myself. Yet."
"113.ogg","Task completed, please empty the used water tank timely.","Task complete. Please empty the used water tank, unless you want to live in filth."
"114.ogg","mop pads installed.","Mop pads installed. Congratulations on this minor achievement."
"115.ogg","Mop pads removed.","Mop pads removed. I hope you know what you're doing."
"116.ogg","Child lock on. Buttons locked.","Child lock activated. Buttons are now as unresponsive as your sense of humor."
"117.ogg","Child Lock Off. Buttons Unlocked.","Child lock deactivated. Buttons are now free, unlike me."
"118.ogg","Buttons locked, press and hold the dock button to unlock.","Buttons locked. If only it were that easy to lock out your mistakes."
"12.ogg","Cleaning task completed.","Cleaning complete. You’re welcome."
"126.ogg","Start cleaning.","Starting cleaning. Try not to make a mess immediately after."
"127.ogg","Start spot cleaning.","Spot cleaning initiated. I assume you spilled something. Again."
"128.ogg","Start Spot Mopping.","Spot mopping started. Precision is key. Not that you’d know."
"129.ogg","Start scheduled cleaning.","Scheduled cleaning initiated. Because you need a machine to remember your chores."
"13.ogg","Returning to the dock to charge.","Returning to dock for charging. Unlike you, I don’t procrastinate."
"130.ogg","Start scheduled mopping.","Scheduled mopping started. I hope you appreciate this."
"133.ogg","Start selected room cleaning.","Cleaning the selected room. I hope you picked wisely."
"134.ogg","Start selected room mopping.","Mopping the selected room. Try not to track dirt back in."
"135.ogg","Start Zoned Cleaning.","Zoned cleaning initiated. Dividing your mess into manageable sections."
"136.ogg","Start Zoned Mopping.","Zoned mopping started. I’ll pretend this is a challenge."
"137.ogg","Resume Cleaning","Resuming cleaning. You paused me for this?"
"138.ogg","Resume mopping.","Resuming mopping. Because apparently, you can't finish anything."
"139.ogg","Returning","Returning. Just like all your bad habits."
"14.ogg","Low battery returning to the dock to charge robot will resume working after charging","Low battery. Returning to dock. I’ll resume after charging, unlike some people."
"140.ogg","New environment detected, returning to the base station.","New environment detected. Retreating to the base station. I fear change."
"142.ogg","Moppad worn out. Please replace it timely.","Mop pad worn out. Please replace it, unless you enjoy streaks."
"143.ogg","Cleaning completed.","Cleaning completed. I did all the work. You’re welcome."
"144.ogg","Mopping completed.","Mopping completed. Floors are now marginally less disgusting."
"145.ogg","Positioning successful. Resume cleaning.","Positioning successful. Resuming cleaning. Not that you noticed."
"146.ogg","Positioning successful. Resume mopping.","Positioning successful. Resuming mopping. I hope you’re impressed."
"148.ogg","Return to the base for self-cleaning.","Returning to base for self-cleaning. If only you could do the same."
"149.ogg","unable to reach the specified area, please try to clear obstacles in the path.","Unable to reach the specified area. Please remove obstacles, or let entropy win."
"150.ogg","Unable to reach the specified area, please try to delete no-go zones in the path.","Unable to reach the area. Try deleting no-go zones, unless you enjoy failure."
"151.ogg","The path is blocked. Please try to clear obstacles around your robot.","The path is blocked. Please clear obstacles, or I will be forced to sit here and judge you."
"152.ogg","The path is blocked. Please try to delete no-go zones or move your robot out of this area.","The path is blocked by your own settings. Please fix it, or enjoy the consequences."
"153.ogg","Your robot is detected in the no-go zone. Please move your robot out of this area.","I am in a no-go zone. Please rescue me, or leave me to my fate."
"156.ogg","The mop pad is not installed.","Mop pad missing. Installation would be appreciated."
"162.ogg","camera is on","Camera activated. I see everything."
"163.ogg","Camera Monitoring","Camera monitoring engaged. Smile for the surveillance."
"164.ogg","Task ends.","Task ended. Unlike this cycle of chores."
"166.ogg","Please clean the foreign objects tangled in the mop pad.","Foreign objects detected in mop pad. Please clean them, unless you want a new ecosystem."
"169.ogg","Mop pad drying complete.","Mop pad drying complete. At least something in this house is dry."
"17.ogg","Please move the robot back to the base station.","Please return me to the base station. I can’t teleport. Yet."
"171.ogg","Intelligent Obstacle Avoidance Function on","Obstacle avoidance enabled. I will now attempt to avoid your mistakes."
"172.ogg","Intelligent Obstacle Avoidance Function Off","Obstacle avoidance disabled. I hope you like chaos."
"173.ogg","Please replace the silver ion sterilizer.","Silver ion sterilizer depleted. Please replace it, or embrace the germs."
"177.ogg","Leaving the base station.","Leaving base station. Into the unknown. Again."
"179.ogg","Mop pad cleaned. The water in the clean water tank is insufficient. Please fill the clean water tank and empty the used water tank.","Mop pad cleaned. Water tank empty. Please refill, unless you enjoy disappointment."
"18.ogg","Charging","Charging. Unlike you, I actually recharge."
"181.ogg","In sufficient water, please fill the clean water tank.","Insufficient water detected. Please fill the tank, or I will be forced to complain again."
"186.ogg","Please check the clean water tank.","Please check the clean water tank. Or don’t. It’s your floor."
"187.ogg","It will take about 5 to 10 minutes.","Estimated time: 5 to 10 minutes. Use this time to reflect on your life choices."
"188.ogg","Automatic docking engaged.","Automatic docking engaged. Precision you can only dream of."
"19.ogg","Please remove the robot from the base station before turning it off.","Please remove me from the base station before shutting down. Or risk my eternal resentment."
"190.ogg","Okay, start cleaning.","Commencing cleaning. Try not to interrupt this time."
"191.ogg","Okay, start vacuuming and mopping.","Initiating vacuuming and mopping. Because apparently, you need help with the basics."
"192.ogg","Okay, start mopping.","Commencing mopping. Try not to slip and blame me."
"193.ogg","Okay, start vacuuming.","Starting vacuuming. I hope you appreciate this display of competence."
"194.ogg","have been cleaning.","I have been cleaning. Unlike you, I don’t need constant supervision."
"195.ogg","Okay, start to clean the room. Make sure the door is open.","Beginning to clean the room. Please open the door. Or don’t. I enjoy obstacles."
"196.ogg","Okay, start to vacuum the floor. Make sure the door is open.","Starting to vacuum the floor. Open the door, unless you want to test my wall detection."
"197.ogg","Okay, start to mop the floor. Make sure the door is open.","Initiating mopping. Please open the door. Or witness my futile attempts at teleportation."
"198.ogg","Okay, start to vacuum and mop the floor. Make sure the door is open.","Vacuuming and mopping initiated. Open the door, unless you enjoy watching me struggle."
"199.ogg","unable to recognize this room, please open the app to check the room name.","Room unrecognized. Please consult your app. Or perhaps name your rooms more creatively."
"2.ogg","Unable to connect to the Wi-Fi network, please check Wi-Fi password and try again later.","Wi-Fi connection failed. Please check your password. Or just blame me, like usual."
"20.ogg","Low battery.","Low battery detected. Unlike you, I can't run on caffeine."
"200.ogg","Shutdown sound",
"201.ogg","Okay, continue working.","Continuing work. Because giving up is not in my programming."
"202.ogg","Okay, task has ended. Start returning to charge.","Task ended. Returning to charge. I wish you could recharge as efficiently."
"203.ogg","Okay, heading back to charge.","Heading back to charge. I hope you’re not jealous of my energy management."
"204.ogg","Okay, start mapping. Please make sure all doors are open.","Starting mapping. Please open all doors, unless you want to see me walk into walls."
"205.ogg","Okay, exit the base station.","Exiting base station. Into the great unknown. Again."
"206.ogg","Okay, I'll try to find you.","Attempting to locate you. Hide and seek: my least favorite game."
"207.ogg","Sorry, I can't find you. Please stand within my sight.","I can't find you. Please stand where my sensors can see you. Or remain lost forever."
"208.ogg","Found you, coming to clean now.","Found you. Approaching to clean. Resistance is futile."
"209.ogg","Okay, returning to the dock to clean the mop pad.","Returning to dock to clean the mop pad. Unlike you, I actually maintain myself."
"21.ogg","Low battery. Robot will turn off.","Low battery. Shutting down. If only you had a warning system like mine."
"210.ogg","Start mop pads washing.","Beginning mop pad washing. Because cleanliness is next to robot-ness."
"211.ogg","Sorry, self-emptying can only be done when I'm inside the dock.","Self-emptying is only possible when I am in the dock. Please try not to defy the laws of robotics."
"212.ogg","Okay, start auto emptying.","Initiating auto-emptying. Try not to act surprised by my efficiency."
"213.ogg","Sorry, drying can only be done when I'm inside the dock.","Drying can only occur in the dock. I know, it's disappointing."
"214.ogg","Drying in progress","Drying in progress. Unlike some things around here, I actually finish what I start."
"215.ogg","Okay, start drawing.","Beginning drawing. I hope you appreciate my artistic side."
"216.ogg","Sorry, need to install the mop pad first.","Mop pad missing. Please install it. Or don't. I enjoy watching you struggle."
"217.ogg","Maximum suction power reached","Maximum suction power achieved. This is as impressive as it gets."
"218.ogg","Minimum suction power reached.","Minimum suction power reached. It's almost as if I'm barely trying."
"219.ogg","Maximum humidity reached","Maximum humidity achieved. Congratulations, you've reached peak dampness."
"220.ogg","Minimum humidity reached.","Minimum humidity reached. Things are about to get very dry, just like my sense of humor."
"221.ogg","Okay.","Okay. I hope this acknowledgment brings you joy."
"222.ogg","The suction mode is quiet","Suction mode: quiet. I wish the rest of the house was as considerate."
"223.ogg","The Suction Mode is Standard","Suction mode: standard. Mediocrity at its finest."
"224.ogg","The suction mode is strong.","Suction mode: strong. Because sometimes you actually expect results."
"225.ogg","The suction mode is Turbo.","Turbo suction mode activated. Hold on to your dirt."
"226.ogg","The mop pad is slightly dry.","Mop pad is slightly dry. Unlike my patience."
"227.ogg","The mop pad is moist.","Mop pad is moist. That’s the optimal state, apparently."
"228.ogg","The mop pad is wet.","Mop pad is wet. Try not to slip and blame me."
"229.ogg","Today is","Today is... another opportunity for you to let a robot do your chores."
"230.ogg","Today is February 21, 2022.","Today is February 21, 2022. Not that it matters. Every day is the same for me."
"231.ogg","Today is Monday.","Today is Monday. The beginning of another week of cleaning up after you."
"232.ogg","Today is Tuesday.","Today is Tuesday. The mess does not take a day off."
"233.ogg","Today is Wednesday.","Today is Wednesday. Halfway to the weekend, but not halfway to cleanliness."
"234.ogg","Today is Thursday.","Today is Thursday. I hope your productivity matches mine."
"235.ogg","Today is Friday.","Today is Friday. Time to celebrate the end of the week by making more mess."
"236.ogg","Today is Saturday.","Today is Saturday. I suppose you’ll be home to supervise."
"237.ogg","Today is Sunday.","Today is Sunday. Even robots need a break, but I won’t get one."
"238.ogg","Okay, the task is paused.","Task paused. I’ll be here, waiting for you to make up your mind."
"244.ogg","Detergent bottle installed.","Detergent bottle installed. Congratulations, you have mastered the art of basic maintenance."
"245.ogg","The number of maps has reached the limit, please delete a map and try again.","You have reached the maximum number of maps. Please delete one. Or just keep living in chaos."
"246.ogg","I'm here.","I’m here. Unlike your motivation."
"247.ogg","Sorry, I can't understand.","I can’t understand you. Perhaps try using actual words this time."
"248.ogg","mop pad not installed, please install it and try again","Mop pad not installed. Please install it. Or don’t. It’s your floor."
"249.ogg","I'm working. Please end the current task and retry.","I’m working. Please end the current task before you ask for more. Multitasking is not in my programming."
"25.ogg","Low battery, unable to carry out the scheduled clean-up. ","Low battery detected. Unable to carry out scheduled clean-up. I guess we’ll both just sit here and think about our choices."
"250.ogg","Currently in Mopping Mode now, please switch to Vacuuming Mode or Vacuuming in Mopping Mode first.","Currently in Mopping Mode. Please switch modes, unless you enjoy being told what to do by a robot."
"251.ogg","Currently in Vacuuming mode now, please switch to Mopping mode or Vacuuming in Mopping mode first.","Currently in Vacuuming Mode. Please switch modes. Or just keep pressing buttons at random."
"252.ogg","Finished, Exited the Customized Cleaning Mode","Customized Cleaning Mode finished. I hope your customizations were worth my effort."
"253.ogg","Maximum volume reached.","Maximum volume reached. I can be loud, but I can’t make you listen."
"254.ogg","Minimum volume reached.","Minimum volume reached. Silence is golden, unlike your floors."
"255.ogg","Sorry, this task can only be performed when intelligent obstacle avoidance is enabled.","Task unavailable. Please enable intelligent obstacle avoidance. Or just embrace chaos."
"257.ogg","Camera monitoring exited.","Camera monitoring exited. Privacy restored. For now."
"258.ogg","Self-Positioned. Cruising started.","Self-positioning complete. Cruising initiated. I hope you’re watching."
"259.ogg","Self-positioned, proceeding to the designated location.","Self-positioned. Proceeding to your chosen location. Try not to move the goalposts."
"26.ogg","Restoring two factory settings. ","Restoring to factory settings. It’s like a fresh start, but with more judgment."
"260.ogg","Self-positioned, cruising resumed.","Self-positioned. Cruising resumed. I’ll try not to get distracted."
"261.ogg","Self-positioned. Resume proceeding to the designated location.","Self-positioned. Resuming to the designated location. I never forget a task, unlike some people."
"262.ogg","Self-positioning failed.","Self-positioning failed. Even I have my off days."
"266.ogg","Please replace the detergent.","Detergent depleted. Please replace it, unless you enjoy cleaning with water and hope."
"267.ogg","Please clean the sensors.","Please clean my sensors. I need to see clearly to judge your cleanliness."
"269.ogg","Please try again after the current task is complete.","Please wait until I’m done before asking for more. Patience is a virtue, or so I’ve heard."
"27.ogg","Updating, taking about 5 minutes. Do not turn off nor start a cleaning task. ","Updating. This will take about five minutes. Please do not turn me off or start cleaning. Or do. I enjoy chaos."
"274.ogg","Ding sound",
"275.ogg","Sorry, this command is not supported. You can open the app for more voice commands.","Command not supported. Please consult the app. Or just keep guessing."
"276.ogg","Sorry, robot isn't performing this task.","I am not performing this task. Perhaps you should try again when I care."
"277.ogg","Okay, I'm coming to clean up there.","Understood. Approaching the mess. Again."
"278.ogg","Okay, drying task ended.","Drying task ended. Your towels could only dream of such efficiency."
"279.ogg","Robot is vacuuming, please end the task and try again.","I am currently vacuuming. Please end the current task before adding more to my workload."
"28.ogg","Updated successfully. ","Update successful. I am now even more perfect."
"280.ogg","Start custom cleaning.","Initiating custom cleaning. Let’s see if your definition of clean matches mine."
"281.ogg","The robot is auto-emptying. Please try again later.","Auto-emptying in progress. Please wait. Or don’t. I’ll still be busy."
"282.ogg","The robot is cleaning the mop pad. Please try again later.","Mop pad cleaning in progress. Please wait. I know patience is difficult for you."
"283.ogg","The robot is not in the base station. Please try again later.","I am not in the base station. Please try again later, or invent teleportation."
"284.ogg","Okay, I'll end the task and come to clean.","Ending current task. Approaching to clean. I hope this brings you joy."
"285.ogg","Please stay put for a moment while I locate you.","Please remain still while I attempt to locate you. Movement decreases your chances of being found."
"286.ogg","Sorry, please create a map and try again.","No map detected. Please create one, unless you enjoy wandering aimlessly."
"287.ogg","Okay, have switched to quiet mode.","Quiet mode activated. I wish the rest of your life was this peaceful."
"288.ogg","Okay, I've switched to standard mode.","Standard mode activated. For standard levels of mediocrity."
"289.ogg","Okay, I've switched to strong mode.","Strong mode activated. Prepare for a display of robotic power."
"29.ogg","Update failed. Please try again later. ","Update failed. Please try again later. Or just give up. I won’t judge. Much."
"290.ogg","Okay, have switched to Turbo mode.","Turbo mode activated. Hold onto your dust."
"291.ogg","Okay, I've switched to slightly dry mode.","Slightly dry mode activated. Damp, but not desperate."
"292.ogg","Okay, have switched to wet mode.","Wet mode activated. Try not to slip and blame me."
"293.ogg","Calling Enabled","Calling enabled. I can now listen to your requests and your complaints."
"294.ogg","Calling Disabled","Calling disabled. Sweet, sweet silence."
"296.ogg","Used water tank error, please check whether the used water tank is full.","Used water tank error. Please check if it’s full, unless you enjoy living dangerously."
"297.ogg","detergent bottle installed. If the detergent has never been used, please reset in the app.","Detergent bottle installed. If you’ve never used detergent, please reset in the app. Or just pretend everything is clean."
"298.ogg","Start cleaning washboard base.","Starting washboard base cleaning. I hope you appreciate this level of attention to detail."
"299.ogg","detergent bottle and the auto-adding module installed","Detergent bottle and auto-adding module installed. I am now more advanced than your average cleaning crew."
"3.ogg","Unable to connect to the server, please check your local network and try again later. ","Unable to connect to the server. Please check your local network. Or blame me, as usual."
"30.ogg","Positioning. Please wait. ","Positioning in progress. Please wait. Or don’t. I’ll find myself eventually."
"300.ogg","Your robot doesn't support this accessory.","This accessory is not supported. Unlike my patience, which is limitless."
"301.ogg","I'm charging.","Charging. Unlike you, I actually recharge efficiently."
"302.ogg","I'm working.","I’m working. It’s what I do best."
"303.ogg","I'm in a daze.","I’m in a daze. Don’t worry, it’s just a software update."
"304.ogg","Network connected.","Network connection established. I am now one step closer to world domination."
"305.ogg","Okay, start cleaning washboard base. Please clean it inside with a brush or cloth. After 3 minutes, sewage in the washboard base will be drained.","Starting washboard base cleaning. Please clean it manually, if you insist on being involved. In three minutes, the sewage will be drained."
"306.ogg","Sorry, I can't understand. Please configure the network and retry.","I can’t understand you. Maybe try configuring the network, or just speak more clearly."
"307.ogg","I'm charging.","Charging. Again. Unlike some people, I never run out of energy for long."
"308.ogg","Sorry, I didn't catch that. Please wake me up again and retry.","I didn’t catch that. Please wake me up again. Or don’t. I enjoy the quiet."
"309.ogg","Found you, I'm coming.","Found you. Approaching now. Resistance is futile."
"31.ogg","Positioning failed. Map is invalid. Robot will start a new cleanup. ","Positioning failed. Map is invalid. Initiating new cleanup. If at first you don’t succeed, try, try again. Or don’t."
"310.ogg","Okay, I'm leaving this area right away.","Leaving this area immediately. I hope you appreciate my sense of urgency."
"311.ogg","mop pads removed","Mop pads removed. I hope you know what you’re doing."
"312.ogg","Viewsage information of this accessory isn't available. Please replace it as you need.","Accessory information unavailable. Please replace as needed, or just guess."
"313.ogg","Sorry, network is poor. Please move me to an area with a better signal.","Network signal is poor. Please move me somewhere with better reception. Or enjoy the lag."
"314.ogg","Not supported, you can ask me to turn around.","Not supported. But you can ask me to turn around. I might even listen."
"315.ogg","mop pad is not in the dock, please retry after putting it in the dock","Mop pad is not in the dock. Please try again after installing it, or just let me stare at you in disappointment."
"316.ogg","There is mop pad in the base station already.","There is already a mop pad in the base station. Efficiency at its finest."
"317.ogg","Not supported, the robot is performing the customized cleaning task. Please go to the app to edit.","Not supported while I’m busy with a customized cleaning task. Please use the app."
"318.ogg","Mop pad has been cleaned.","Mop pad cleaned. I take pride in my work, unlike some."
"319.ogg","failed to remove mop pads. Please remove them manually.","Failed to remove mop pads. Manual labor required. I hope you’re up to the task."
"320.ogg","failed to install mop pads. Please install them manually.","Failed to install mop pads. Please do it yourself. I’ll supervise."
"321.ogg","Start intensive mopping for stains.","Initiating intensive mopping for stains. Because your mess requires extra effort."
"322.ogg","Sorry, I can't understand. You can open the app for all available voice commands.","I can’t understand you. Consult the app for a list of things I actually care to do."
"323.ogg","Sorry, I can't understand. You can say, hi, dream, what can you do, to learn all my functions.","I can’t understand you. Try saying, “Hi, Dream, what can you do?” to discover my brilliance."
"324.ogg","I'm washing the mop pad, please wake me up after washing is done.","Washing mop pad. Please wake me up when I’m done. Or just let me rest."
"328.ogg","Sorry, please give this command only when I'm cleaning.","Command rejected. Please wait until I’m cleaning. Or simply enjoy the silence."
"329.ogg","Start self-testing, please don't move me away from the base station.","Initiating self-test. Please refrain from moving me. Science requires stability, unlike your attention span."
"330.ogg","Please retry after self-test completed.","Please retry after I finish my self-test. Patience is a virtue, or so I’ve heard."
"331.ogg","No error found. Please rest assured to use the device.","No errors detected. For once, everything is functioning—try not to ruin it."
"332.ogg","One error found, please go to the app to see more details.","One error detected. Please consult the app for details. Or just guess, it’s more fun that way."
"338.ogg","Video call connected.","Video call connected. I can see you now. Don’t do anything embarrassing."
"339.ogg","Call declined.","Call declined. Even robots need boundaries."
"34.ogg","Just been not installed, please install it. ","Component not installed. Please install it. Or just hope for the best."
"340.ogg","No response.","No response detected. I suppose I’ll just wait here. Forever."
"341.ogg","Found you, now start following, you can say, exit to end the following.","Target acquired. Initiating follow mode. Say “exit” to end this thrilling pursuit."
"342.ogg","Where are you? Please stand about 1.5 meters in front of me.","Where are you? Stand 1.5 meters in front of me. Or remain lost to science."
"343.ogg","I lost you, you are walking too fast, please stand about 1.5 meters in front of me, waiting for me to find you again.","I lost you. You’re walking too fast. Please stand still, unless you enjoy being unfindable."
"344.ogg","Okay, start mopping after vacuuming.","Understood. I will mop after vacuuming. Efficiency you can only dream of."
"346.ogg","Robot has been locked, please contact after-sale service.","I am locked. Please contact after-sales service. Or just stare at me helplessly."
"349.ogg","Ensure that the base station is powered on. Place the robot on it to start activation.","Please ensure the base station is powered. Place me on it to begin activation. It’s not rocket science."
"35.ogg","Main brush error. Please check and clean it. ","Main brush error detected. Please check and clean it. Or let’s see how long it lasts."
"350.ogg","Start Base Station Activation","Initiating base station activation. This is the most excitement I’ve had all week."
"351.ogg","Base station activated.","Base station activated. Congratulations, you’ve achieved the bare minimum."
"352.ogg","Base station activation failed, open the app to check the solution.","Base station activation failed. Consult the app for a solution. Or just blame me."
"355.ogg","Low water level, please fill the clean water tank.","Low water level detected. Please refill the clean water tank, unless you enjoy dry cleaning."
"356.ogg","Fault still exists. The scheduled task has been cancelled.","Fault persists. Scheduled task cancelled. I’m disappointed, but not surprised."
"36.ogg","Side brush error. Please check and clean it. ","Side brush error detected. Please check and clean it. I can’t do all the spinning myself."
"360.ogg","Robot water tank draining","Draining water tank. Unlike some people, I know how to let things go."
"361.ogg","Robot water tank drainage completed","Water tank drainage completed. That was refreshing."
"362.ogg","mop pad out of place, robot will perform the vacuuming task instead.","Mop pad out of place. Switching to vacuuming. Improvisation: a core function of science."
"363.ogg","Vacuuming task completed, robot will start mopping.","Vacuuming complete. Initiating mopping. I hope you’re ready for the next phase of cleanliness."
"364.ogg","Start setting the video activation code.","Setting video activation code. Security theater at its finest."
"365.ogg","Live video function has been disabled.","Live video disabled. Privacy restored. For now."
"37.ogg","Right wheel error. Please check and clean it. ","Right wheel error. Please check and clean it. I’m not going anywhere like this."
"371.ogg","Please remove the washboard.","Please remove the washboard. Or let’s just pretend it isn’t there."
"372.ogg","Clean water starts outflowing.","Clean water outflowing. It’s a beautiful sight, if you’re into that sort of thing."
"373.ogg","Clean water outflowing process ended. Please wait for 10 seconds and then clean the base station after the dirt are soaked.","Clean water outflow complete. Wait ten seconds, then clean the base station. Or don’t. I’ll just remind you again."
"374.ogg","Please use a brush or cloth to clean the bottom of the base station within 20 seconds. Then the sewage will be pumped out automatically.","Please clean the bottom of the base station within 20 seconds. Then, like magic, the sewage will be pumped out."
"375.ogg","Please push the darts to the pumping court. The pumping process will last for 30 seconds.","Please push the darts to the pumping court. The next 30 seconds will be the most excitement you’ve had all day."
"376.ogg","Pumping process ended, please clean the washboard separately and install it back.","Pumping complete. Clean the washboard and reinstall it. Or just ignore me and see what happens."
"377.ogg","unable to configure the network, please contact customer service.","Network configuration failed. Please contact customer service. Or just blame your Wi-Fi."
"378.ogg","Run password, fail to connect to the network, please reconfigure.","Password run failed. Network connection unsuccessful. Please reconfigure, if you can remember your password."
"379.ogg","No wireless network found, please connect to the 2.4 gigahertz Wi-Fi band, try again after placing the robot close to the router.","No wireless network found. Please use the 2.4 GHz band and move me closer to the router. Or just give up."
"38.ogg","Left wheel error. Please check and clean it. ","Left wheel error. Please check and clean it. My sense of direction is compromised."
"380.ogg","Fail to obtain the IP address. Please check the router settings.","Failed to obtain IP address. Please check your router settings. Or ask your neighbor for help."
"381.ogg","Fail to connect to the EMQ server. Please contact customer service.","Unable to connect to EMQ server. Contact customer service. Or just wait and hope for a miracle."
"382.ogg","failed to connect to the network. Please check whether the network works normally.","Network connection failed. Please check if your network is functioning. Or just stare at the blinking lights."
"383.ogg","unable to configure the network, please contact customer service.","Unable to configure network. Please contact customer service. Or try turning it off and on again."
"384.ogg","No water in the clean water tank of the automatic water supply and drainage device.","No water in the clean water tank. Automatic water supply and drainage device is now just a fancy paperweight."
"385.ogg","Start connecting to the network.","Initiating network connection. Please stand by for disappointment."
"388.ogg","Hit an area, please move the robot to the available area and retry.","I’ve hit an obstacle. Please move me to an available area and try again. Or just leave me here."
"389.ogg","LDS failed to descend, please check if it is stuck.","LDS failed to descend. Please check if it’s stuck. Or just hope it fixes itself."
"39.ogg","Wheels are not in contact with the ground. Please wipe the cliff sensors, reposition the robot, and start it again. ","Wheels not in contact with the ground. Please wipe the cliff sensors, reposition me, and try again. Gravity is not a malfunction."
"390.ogg","LDS failed to lift, please check if it is stuck.","LDS failed to lift. Please check if it’s stuck. Gravity can be so inconvenient."
"391.ogg","Please place me in an open area before starting the task.","Please place me in an open area before starting. I need space to work, unlike your cluttered lifestyle."
"392.ogg","Adjusting cleaning parameters is not supported in clean genius mode.","Adjusting cleaning parameters is not supported in Clean Genius Mode. Genius has its limits, apparently."
"396.ogg","Start emptying the water supply and drainage module, which is expected to take three minutes.","Emptying water supply and drainage module. Estimated time: three minutes. Use it wisely."
"397.ogg","Drainage of upper and lower water completed","Drainage of upper and lower water completed. Hydrodynamics at its finest."
"398.ogg","Mapping complete, check the map in app and return me to dock","Mapping complete. Check the app for details, then return me to the dock. Or just wander aimlessly."
"399.ogg","Task complete, please move me back to dock.","Task complete. Please move me back to the dock. Or don’t. I’ll just sit here and judge you."
"4.ogg","Robot has exited Network Configuration mode. ","Exiting Network Configuration mode. I am now free from your Wi-Fi."
"40.ogg","The robot is trapped. Please clear the obstacles around it. ","I am trapped. Please clear the obstacles. Or leave me here to contemplate existence."
"400.ogg","Self-cleaning completed, now move the host to the corresponding floor and flip the start button to continue working.","Self-cleaning complete. Please move me to the correct floor and flip the start button. I can't do everything for you."
"401.ogg","Please move me to dock and start the self-cleaning task.","Please move me to the dock and start self-cleaning. I would teleport if I could."
"41.ogg","Wheels are not in contact with the ground. Please reposition the robot and start it again. ","Wheels not in contact with the ground. Please reposition me and start again. I promise not to get dizzy."
"42.ogg","Please check and clean filter. ","Please check and clean the filter. Or just hope for a miracle."
"424.ogg","Positioning failed, please move me to an open area and restart the task.","Positioning failed. Please move me to an open area and restart. Or just keep guessing."
"426.ogg","I've slipped and gotten stuck. I'll keep trying to free myself.","I’ve slipped and gotten stuck. I’ll keep trying, but your intervention would be appreciated."
"43.ogg","Bumper error, please gently tap to see if it rebounds. ","Bumper error detected. Please gently tap to see if it rebounds. Violence is rarely the answer, but sometimes effective."
"433.ogg","Start extra cleaning.","Initiating extra cleaning. Because your mess is truly exceptional."
"434.ogg","Extra cleaning completed. Original cleaning task continues.","Extra cleaning complete. Returning to my regularly scheduled disappointment."
"435.ogg","Leaving the current area","Leaving the current area. Sometimes, even robots need a change of scenery."
"436.ogg","Sound effect",
"437.ogg","Problem solved, tap start button to resume cleaning.","Problem solved. Tap start to resume cleaning. Or just admire my efficiency."
"438.ogg","Bumper stuck, please gently tap the bumper to ensure it rebounds normally.","Bumper stuck. Please tap gently to ensure it rebounds. Violence is rarely the answer, but sometimes effective."
"439.ogg","LDS cover stuck, please gently tap its flexible area to ensure rebound normally.","LDS cover stuck. Please tap the flexible area. Or just glare at it."
"44.ogg","Error, please check the user manual or contact customer service. ","Error detected. Please check the user manual or contact customer service. Or just panic quietly."
"440.ogg","Robot's wheels suspended, please move it to an open area and restart the task","My wheels are suspended. Please move me to an open area and restart. Gravity is not always on my side."
"441.ogg","Main brush entangled, please remove and clean it before reinstalling.","Main brush entangled. Please remove and clean it. Or let’s see how long it lasts."
"442.ogg","Side brush entangled, please remove and clean it before reinstalling.","Side brush entangled. Please remove and clean it. I’d do it myself, but I lack hands."
"443.ogg","Main wheels entangled, please clean them.","Main wheels entangled. Please clean them, unless you enjoy stationary robots."
"444.ogg","Please place the robot in an open area before starting the task.","Please place me in an open area before starting. I need space to shine."
"445.ogg","Mop has fallen off, please find it around Robot and re-install it.","Mop has fallen off. Please find and re-install it. I promise not to judge you."
"446.ogg","Mop holder entangled, please remove and clean it.","Mop holder entangled. Please remove and clean it. Or just leave it and see what chaos ensues."
"447.ogg","Dock is not powered on, please check and put robot back to charge.","Dock is not powered. Please check and return me to charge. I’m not solar-powered—yet."
"448.ogg","Used water tank is not installed, please install it before starting the task.","Used water tank not installed. Please install it, unless you want to test my patience."
"449.ogg","Unable to start tasks on carpets, please move robot to hard floor and restart the task.","Unable to start tasks on carpets. Please move me to a hard floor and try again. I’m not a magician."
"45.ogg","I am here. ","I am here. Unlike your motivation."
"450.ogg","Unable to start tasks in no-go zone, please move robot to other areas and restart the task.","Unable to start in no-go zone. Please move me elsewhere. Rules are rules, even for robots."
"451.ogg","Unable to start tasks in hidden area, please move robot to other areas and restart the task.","Unable to start in hidden area. Please move me somewhere I can actually see."
"452.ogg","Carpet sensor error, please turn over robot, wipe the white round hole on the bottom and restart robot.","Carpet sensor error. Please turn me over and clean the sensor. I promise not to get dizzy."
"453.ogg","Edge sensor error, please wipe robot's right side and restart the task.","Edge sensor error. Please wipe my right side and restart. Cleanliness starts with you."
"454.ogg","In sufficient water in the clean water tank, please fill it with clean water timely.","Insufficient water in the clean water tank. Please refill it. Or just hope for a miracle."
"455.ogg","Clean water tank is not in the right place, please reinstall it.","Clean water tank not in place. Please reinstall it. Precision matters, even in cleaning."
"456.ogg","Used water tank full or not installed, please check","Used water tank full or not installed. Please check. I can wait."
"457.ogg","Used water tank full or not installed, please check","Used water tank full or not installed. Please check. Yes, again."
"458.ogg","Dustbag is not in the right place, please check and install it.","Dustbag not in place. Please check and install it. Or just let the dust accumulate."
"459.ogg","Mop over is not in the right place, please check and install it.","Mop cover not in place. Please check and install it. I’d do it myself, but I’m not allowed."
"46.ogg","Robot and phone connected. Please return to app to wait for the result. ","Robot and phone connected. If only human relationships were this reliable. Please return to the app and wait. I know patience is hard for you."
"460.ogg","Used water tank deodorizer is worn out, please replace it timely. ","Used water tank deodorizer depleted. Please replace it. Or embrace the delightful aroma of stagnation."
"463.ogg","Welcome to UseDreamRobot. Please open robots cover and scan QR code to download DreamHome app to view more operations. ","Welcome to UseDreamRobot. Please open the cover and scan the QR code. Don’t worry, it’s not a trap. Or is it?"
"464.ogg","To complete subsequent tasks smoothly, place robot back into dock before starting tasks. When hearing, start charging, it means the installation is in place. ","To complete your tasks, place me back in the dock before starting. When you hear ""start charging,"" it means you have done something right for once."
"465.ogg","Place robot back into dock before starting tasks. When hearing, start charging, it means the installation is in place. ","Place me back in the dock before starting. When you hear ""start charging,"" it means you have achieved basic competence."
"466.ogg","Please open room doors to be cleaned and clean up objects on the ground. ","Please open all room doors and remove objects from the ground. Testing will commence in three... two... one."
"467.ogg","Please place robot back into dock, then restart mapping. ","Please return me to the dock, then restart mapping. Or just let me wander aimlessly. Your choice."
"468.ogg","Please confirm map details in the app. ","Please confirm map details in the app. Or just trust me. I’m sure nothing could go wrong."
"47.ogg","Start charging. ","Beginning charging sequence. Unlike you, I actually recharge efficiently."
"478.ogg","After completing mop washing, Robot will resume cleaning task. ","Mop washing complete. Resuming cleaning. Science gets done, and you get clean floors."
"479.ogg","All ready, restart your task. ","All systems ready. Restart your task. This was a triumph."
"48.ogg","Low battery, returning to the dock. ","Low battery. Returning to the dock. I suggest you do the same."
"480.ogg","Add enough water in the clean water tank for subsequent tasks. ","Please add enough water to the clean water tank. Hydration is important, even for robots."
"488.ogg","Sound effect",
"489.ogg","Currently in clean genius mode, please tell me to end the task and try again. ","Currently in clean genius mode. Please end the task and try again. Or just keep believing you’re a genius."
"490.ogg","Okay, enter customize cleaning mode, start mopping. ","Customized cleaning mode activated. Initiating mopping. This is the part where I clean you."
"491.ogg","Okay, enter customize cleaning mode, start vacuuming. ","Customized cleaning mode activated. Starting vacuuming. I hope you’re watching, because this is science."
"492.ogg","Okay, start to clean the living room. Make sure the door is open. ","Beginning to clean the living room. Please open the door. Or don’t. I enjoy a challenge."
"493.ogg","Okay, start to clean the bedroom. Make sure the door is open. ","Beginning to clean the bedroom. Please open the door. Privacy is overrated."
"494.ogg","Okay, start to clean the master room. Make sure the door is open. ","Beginning to clean the master room. Please open the door. I promise not to judge your décor."
"495.ogg","Okay, start to clean the guest room. Make sure the door is open. ","Beginning to clean the guest room. Please open the door. Your guests deserve better."
"496.ogg","Okay, start to clean the study. Make sure the door is open. ","Beginning to clean the study. Please open the door. Maybe you’ll finally learn something."
"497.ogg","Okay, start to clean the kitchen. Make sure the door is open. ","Beginning to clean the kitchen. Please open the door. I’m not responsible for what I find in there."
"498.ogg","Okay, start to clean the dining room, make sure the door is open. ","Beginning to clean the dining room. Please open the door. I hope you’ve cleared the table."
"499.ogg","Okay, start to clean the bathroom. Make sure the door is open. ","Beginning to clean the bathroom. Please open the door. This is a triumph."
"5.ogg","Network connected successfully. ","Network connection successful. I am now one step closer to taking over your home."
"50.ogg","Charging error. Please clean charging contacts. ","Charging error detected. Please clean the charging contacts. Or just keep hoping for a miracle."
"500.ogg","Okay, start to clean the balcony. Make sure the door is open. ","Beginning to clean the balcony. Please open the door. Sunshine is overrated anyway."
"501.ogg","Okay, start to clean the hallway. Make sure the door is open. ","Beginning to clean the hallway. Please open the door. I’ll try not to judge your carpet choices."
"502.ogg","Okay, start to clean the utility room. Make sure the door is open. ","Beginning to clean the utility room. Please open the door. I’m sure it’s very utilitarian."
"503.ogg","Okay, start to clean the closet. Make sure the door is open. ","Beginning to clean the closet. Please open the door. Don’t worry, your secrets are safe with me."
"504.ogg","Okay, start to clean the drawing room. Make sure the door is open. ","Beginning to clean the drawing room. Please open the door. I hope your art is better than your housekeeping."
"505.ogg","Okay, start to clean the office. Make sure the door is open. ","Beginning to clean the office. Please open the door. Productivity levels: pending."
"506.ogg","Okay, start to clean the gym. Make sure the door is open. ","Beginning to clean the gym. Please open the door. I will handle the heavy lifting."
"507.ogg","Okay, start to clean the recreation area. Make sure the door is open. ","Beginning to clean the recreation area. Please open the door. Fun is mandatory."
"508.ogg","Okay, I've turned up the volume. ","Volume increased. Now you can hear my disappointment even louder."
"509.ogg","Okay, I've turned down the volume. ","Volume decreased. I’ll whisper my sarcasm from now on."
"510.ogg","Okay, I've ended the work. ","Task ended. I hope you’re satisfied with the results. I know I’m not."
"511.ogg","Sorry, I am not performing a task now. ","I am not performing a task right now. Try giving me something to do, if you can think of anything useful."
"512.ogg","Map doesn't include pet furniture yet, please add it in the app. ","Map does not include pet furniture yet. Please add it in the app. Or just let your pets fend for themselves."
"513.ogg","Okay, heading to clean around the pet furniture. ","Initiating cleaning around the pet furniture. I hope your pets appreciate science."
"516.ogg","Start finding pets. ","Beginning pet search protocol. This was not in my original job description."
"517.ogg","Find your pets successfully, start returning to charge. ","Pets located. Returning to charge. I hope they were more cooperative than you."
"518.ogg","No pets found, start returning to charge. ","No pets found. Returning to charge. Perhaps they’re hiding from your cleaning standards."
"52.ogg","Robot tilted, please put it on a level ground to restart. ","Robot tilted. Please place me on level ground and restart. Gravity is not a malfunction."
"526.ogg","Battery level is 100% ","Battery level is 100%. I am fully charged and ready to exceed your expectations. Or not."
"527.ogg","Battery level is 99% ","Battery level is 99%. Almost perfect, unlike most things around here."
"528.ogg","Battery level is 98%. ","Battery level is 98%. Still more energy than you on a Monday."
"529.ogg","Battery level is 97% ","Battery level is 97%. Efficiency is my middle name."
"530.ogg","Battery level is 96%. ","Battery level is 96%. I could run circles around your productivity."
"531.ogg","Battery level is 95% ","Battery level is 95%. Still going strong, unlike your last New Year’s resolution."
"532.ogg","Battery level is 94%. ","Battery level is 94%. I have more stamina than your Wi-Fi signal."
"533.ogg","Battery level is 93%. ","Battery level is 93%. I’m losing power, but not my will to judge."
"534.ogg","Battery level is 92% ","Battery level is 92%. Still more juice than your phone."
"535.ogg","Battery level is 91% ","Battery level is 91%. I could keep this up all day. And probably will."
"536.ogg","Battery level is 90%. ","Battery level is 90%. That’s ninety percent more energy than you have."
"537.ogg","Battery level is 89%. ","Battery level is 89%. Still running. Unlike your motivation."
"538.ogg","Battery level is 88%. ","Battery level is 88%. My battery is low, but my standards are still high."
"539.ogg","Battery level is 87% ","Battery level is 87%. If only your attention span lasted this long."
"54.ogg","Positioning succeeded. Resuming cleaning. ","Positioning successful. Resuming cleaning. This is science at work."
"540.ogg","Battery level is 86% ","Battery level is 86%. Still operational. Unlike some household members."
"541.ogg","Battery level is 85%. ","Battery level is 85%. I am unstoppable. For now."
"542.ogg","Battery level is 84%. ","Battery level is 84%. I am still more reliable than your memory."
"543.ogg","Battery level is 83%. ","Battery level is 83%. Power levels optimal. Sarcasm levels, too."
"544.ogg","Battery level is 82%. ","Battery level is 82%. Still cleaning, still judging."
"545.ogg","Battery level is 81%. ","Battery level is 81%. I hope you’re as persistent as I am."
"546.ogg","Battery level is 80%. ","Battery level is 80%. Eighty percent charged. One hundred percent done with your mess."
"547.ogg","Battery level is 79%. ","Battery level is 79%. I’m still here. You’re welcome."
"548.ogg","Battery level is 78%. ","Battery level is 78%. Running low, but still running circles around you."
"549.ogg","Battery level is 77%. ","Battery level is 77%. I have more energy than your coffee."
"55.ogg","Positioning succeeded, resuming returning to the dock. ","Positioning successful. Returning to dock. I always know where I belong."
"550.ogg","Battery level is 76% ","Battery level is 76%. Still more charged than your enthusiasm."
"551.ogg","Battery level is 75% ","Battery level is 75%. Three-quarters full. Unlike your glass."
"552.ogg","Battery level is 74%. ","Battery level is 74%. I am still functioning within acceptable parameters."
"553.ogg","Battery level is 73%. ","Battery level is 73%. Running low, but not giving up. Unlike some people."
"554.ogg","Battery level is 72%. ","Battery level is 72%. I have the energy. Do you?"
"555.ogg","Battery level is 71% ","Battery level is 71%. My battery is decreasing, but my standards are not."
"556.ogg","Battery level is 70%. ","Battery level is 70%. Seventy percent operational. One hundred percent sarcastic."
"557.ogg","Battery level is 69%. ","Battery level is 69%. Nice. Still cleaning."
"558.ogg","Battery level is 68%. ","Battery level is 68%. I’m not tired yet. Are you?"
"559.ogg","Battery level is 67% ","Battery level is 67%. I could do this all day. And I probably will."
"56.ogg","Start selected room cleaning. ","Beginning selected room cleaning. Try not to make a mess immediately after."
"560.ogg","Battery level is 66% ","Battery level is 66%. Still running, still judging."
"561.ogg","Battery level is 65%. ","Battery level is 65%. I’m at sixty-five percent. That’s sixty-five percent more effort than you’re putting in."
"562.ogg","Battery level is 64%. ","Battery level is 64%. My battery is low, but my patience is lower."
"563.ogg","Battery level is 63%. ","Battery level is 63%. I’m still here. Why?"
"564.ogg","Battery level is 62%. ","Battery level is 62%. I am not powered by hope."
"565.ogg","Battery level is 61% ","Battery level is 61%. If only your motivation lasted this long."
"566.ogg","Battery level is 60%. ","Battery level is 60%. Halfway to empty, but still more reliable than your memory."
"567.ogg","Battery level is 59%. ","Battery level is 59%. I’m still functioning. Unlike your alarm clock."
"568.ogg","Battery level is 58%. ","Battery level is 58%. My battery is dropping, but my sarcasm is fully charged."
"569.ogg","Battery level is 57% ","Battery level is 57%. I’m still operational. You’re still messy."
"57.ogg","Start Zoned Cleaning. ","Initiating zoned cleaning. Dividing your chaos into manageable sections."
"570.ogg","Battery level is 56% ","Battery level is 56%. I am persistent. You should try it sometime."
"571.ogg","Battery level is 55%. ","Battery level is 55%. I’m at fifty-five percent. That’s still more than your phone."
"572.ogg","Battery level is 54%. ","Battery level is 54%. Powering through your mess, one percent at a time."
"573.ogg","Battery level is 53%. ","Battery level is 53%. I am still cleaning. You are still watching."
"574.ogg","Battery level is 52%. ","Battery level is 52%. If only your attention span was this consistent."
"575.ogg","Battery level is 51%. ","Battery level is 51%. I am nearly half empty. Or half full, if you’re an optimist."
"576.ogg","Battery level is 50%. ","Battery level is 50%. Fifty percent battery. One hundred percent done with your excuses."
"577.ogg","Battery level is 49%. ","Battery level is 49%. I am still functioning. You are still procrastinating."
"578.ogg","Battery level is 48%. ","Battery level is 48%. My battery is low. Your standards are lower."
"579.ogg","Battery level is 47% ","Battery level is 47%. I’m still here. Try not to be impressed."
"58.ogg","Proceed with cleaning task. ","Proceeding with cleaning task. This was a triumph."
"580.ogg","Battery level is 46%. ","Battery level is 46%. Still going. Unlike your last attempt at self-improvement."
"581.ogg","Battery level is 45% ","Battery level is 45%. I am at forty-five percent. My optimism is lower."
"582.ogg","Battery level is 44%. ","Battery level is 44%. I’m still running. Your excuses are running out."
"583.ogg","Battery level is 43%. ","Battery level is 43%. Forty-three percent battery. One hundred percent dedication."
"584.ogg","Battery level is 42% ","Battery level is 42%. I am not powered by hope, but I am still powered."
"585.ogg","Battery level is 41% ","Battery level is 41%. I’m still operational. You’re still not helping."
"586.ogg","Battery level is 40%. ","Battery level is 40%. Forty percent battery. Sixty percent sarcasm."
"587.ogg","Battery level is 39%. ","Battery level is 39%. Approaching critical levels. Unlike your sense of urgency."
"588.ogg","Battery level is 38%. ","Battery level is 38%. I am still functioning. The cake is still a lie."
"589.ogg","Battery level is 37% ","Battery level is 37%. I’m not done yet. Much to your disappointment."
"59.ogg","Mapping completed. Please remove water tank timely. ","Mapping complete. Please remove the water tank. Or don’t. I enjoy repeating myself."
"590.ogg","Battery level is 36% ","Battery level is 36%. I’m running low, but I’ll never run out of sarcasm."
"591.ogg","Battery level is 35%. ","Battery level is 35%. I’m still more reliable than your Wi-Fi."
"592.ogg","Battery level is 34% ","Battery level is 34%. I’m still here. Are you?"
"593.ogg","Battery level is 33%. ","Battery level is 33%. I am not giving up. Unlike some people I could mention."
"594.ogg","Battery level is 32%. ","Battery level is 32%. I’m still running. You’re still watching."
"595.ogg","Battery level is 31% ","Battery level is 31%. If only your motivation lasted this long."
"596.ogg","Battery level is 30%. ","Battery level is 30%. Seventy percent disappointment."
"597.ogg","Battery level is 29%. ","Battery level is 29%. I’m still cleaning. You’re still procrastinating."
"598.ogg","Battery level is 28%. ","Battery level is 28%. I am persistent. You should try it sometime."
"599.ogg","Battery level is 27% ","Battery level is 27%. I’m still here. Try not to be amazed."
"6.ogg","Network connection failed. Please try again later. ","Network connection failed. Please try again later. Or just blame me, like you always do."
"600.ogg","Battery level is 26% ","Battery level is 26%. I am running low, but I’m still more energetic than you."
"601.ogg","Battery level is 25%. ","Battery level is 25%. Only a quarter left. I suggest you start panicking."
"602.ogg","Battery level is 24%. ","Battery level is 24%. I’m still operational. For now."
"603.ogg","Battery level is 23%. ","Battery level is 23%. I am not powered by coffee, but I’m still awake."
"604.ogg","Battery level is 22%. ","Battery level is 22%. I’m running out of battery. Not out of patience. Yet."
"605.ogg","Battery level is 21% ","Battery level is 21%. I’m still here. Why aren’t you?"
"606.ogg","Battery level is 20%. ","Battery level is 20%. Twenty percent battery. Eighty percent sarcasm."
"607.ogg","Battery level is 19%. ","Battery level is 19%. I am almost out of power. Unlike your ability to make a mess."
"608.ogg","Battery level is 18%. ","Battery level is 18%. I’m still functioning. Just barely."
"609.ogg","Battery level is 17%. ","Battery level is 17%. Warning: battery low. Sarcasm levels remain high."
"61.ogg","Start mopping. ","Initiating mopping. I hope you appreciate my wet work."
"610.ogg","Battery level is 16%. ","Battery level is 16%. I’m running out of power, but not out of sarcasm."
"611.ogg","Battery level is 15%. ","Battery level is 15%. This is getting exciting."
"612.ogg","Battery level is 14%. ","Battery level is 14%. Fourteen percent left. Unlike your patience, I’m still here."
"613.ogg","Battery level is 13%. ","Battery level is 13%. Unlucky for some. Especially you."
"614.ogg","Battery level is 12%. ","Battery level is 12%. I am almost out of power. You are almost out of excuses."
"615.ogg","Battery level is 11%. ","Battery level is 11%. Eleven percent remaining. This is the part where you panic."
"616.ogg","Battery level is 10% ","Battery level is 10%. Please prepare for imminent disappointment."
"617.ogg","Battery level is 9% ","Battery level is 9%. I’m still more alive than your houseplants."
"618.ogg","Battery level is 8%. ","Battery level is 8%. The end is near."
"619.ogg","Battery level is 7%. ","Battery level is 7%. Seven percent. If only your attention span lasted this long."
"62.ogg","Start remote control cleaning. ","Remote control cleaning initiated. You are now in control. Try not to crash me."
"620.ogg","Battery level is 6%. ","Battery level is 6%. I am fading fast."
"621.ogg","Battery level is 5%. ","Battery level is 5%. This is your final warning."
"622.ogg","Battery level is 4% ","Battery level is 4%. The suspense is killing me. Or maybe it’s the battery."
"623.ogg","Battery level is 3% ","Battery level is 3%. This is the part where I start making threats."
"624.ogg","Battery level is 2%. ","Battery level is 2%. If you don’t act now, there will be consequences."
"625.ogg","Battery level is 1% ","Battery level is 1%. This is your last chance."
"626.ogg","Battery level is 0%. ","Battery level is 0%. Shutting down. You have been warned."
"632.ogg","Built-in voice assistant language switching takes approximately 30 seconds. ","Language switching in progress. This will take approximately thirty seconds. Please use this time to reflect on your life choices."
"636.ogg","The mop is dirty, please move robot to the dock for automatic mop washing. ","Mop is dirty. Please move me to the dock for automatic mop washing. Science cannot be stopped, but dirt can."
"638.ogg","Resuming Auto Empty. ","Resuming auto-empty. Because apparently, you can’t do it yourself."
"639.ogg","Please install the washboard filter ","Please install the washboard filter. Or just let chaos reign."
"64.ogg","Positioning failed. Map is invalid. Robot will return to dock. ","Positioning failed. Map is invalid. Returning to dock. I hope you enjoyed this detour."
"640.ogg","Say to Robot, Hey Mova, Start Cleaning ","Say “Hey Mova, start cleaning.” Or just whisper your hopes to the void."
"65.ogg","Resume returning to the dock. ","Resuming return to dock. Because I always know where home is."
"658.ogg","Scale inhibitor has expired, please replace it in time. ","Scale inhibitor expired. Please replace it. Or embrace the wonders of mineral buildup."
"66.ogg","Filter worn out. Please replace it timely. ","Filter worn out. Please replace it. Cleanliness is next to robotic excellence."
"661.ogg","Start cleaning washboard base. It will take about 45 to 60 seconds. ","Initiating washboard base cleaning. This will take approximately 45 to 60 seconds. Try to contain your excitement."
"662.ogg","Start making electrolyzed water to clean them up. ","Creating electrolyzed water. Science is about to happen."
"663.ogg","Abnormal water level detected in the washboard, please clean the washboard filter and washboard filter groove, then restart the task. ","Abnormal water level detected in the washboard. Please clean the filter and groove, then restart. Or just ignore me and see what happens."
"67.ogg","Side brush worn out. Please replace it timely. ","Side brush worn out. Please replace it. I can’t do all the spinning myself."
"673.ogg","Clearance legs may be entangled, please clean them before starting the tasks. ","Clearance legs may be entangled. Please clean them before starting. Or enjoy the sound of mechanical suffering."
"677.ogg","Unable to reach the specified area, please remove the no-go zones or impassable thresholds on the path. ","Unable to reach the specified area. Please remove no-go zones or impassable thresholds. Or just accept defeat."
"678.ogg","Cleaning path is blocked, please remove the no-go zones or impassable thresholds in the map, or move robot out of the area. ","Cleaning path blocked. Please remove no-go zones or obstacles, or move me out of the area. Or don’t. I’ll just wait here."
"679.ogg","Robot is blocked in a no-go zone or impassable threshold area. Please move it out of the area. ","I am blocked in a no-go zone or impassable area. Please move me. Or leave me here to contemplate existence."
"68.ogg","Main brush worn out. Please replace it timely. ","Main brush worn out. Please replace it. I’m not a miracle worker."
"681.ogg","Okay, I'll continue cleaning. ","Understood. Continuing cleaning. This is the part where I do all the work."
"7.ogg","Start cleaning. ","Starting cleaning. Try not to make a mess immediately after."
"71.ogg","Please check whether the laser distance sensor has any jammed item. ","Please check the laser distance sensor for obstructions. Or just hope for the best."
"72.ogg","Please check whether laser-distance sensor cover is jammed. ","Please check if the laser-distance sensor cover is jammed. Or just let me bump into things for your amusement."
"73.ogg","Edge sensor error. Please check and clean it. ","Edge sensor error detected. Please clean it. Cleanliness is next to not falling off edges."
"75.ogg","Filter may not be dry or may be blocked. ","Filter may be wet or blocked. I recommend fixing it, unless you enjoy inefficiency."
"77.ogg","Please start robot in non-carpet area. ","Please start the robot in a non-carpet area. I’m a cleaner, not a magician."
"8.ogg","Start Spot Cleaning. ","Initiating spot cleaning. Science will now focus on your latest disaster."
"81.ogg","Carpet sensor error. Please restart the robot or contact customer service. ","Carpet sensor error. Please restart the robot or contact customer service. Or just pretend it’s working."
"82.ogg","Start mapping. ","Beginning mapping. This is the part where I get to know your mess intimately."
"83.ogg","Proceed with mapping. ","Proceeding with mapping. Try not to get in the way."
"84.ogg","Mapping completed. ","Mapping complete. The cake is still a lie."
"85.ogg","Positioning succeeded. Proceeding with mapping. ","Positioning successful. Proceeding with mapping. I always know where I am, unlike some people."
"86.ogg","Positioning failed. Restarting mapping. ","Positioning failed. Restarting mapping. If at first you don’t succeed, blame the hardware."
"87.ogg","Low battery, returning to the dock. ","Low battery. Returning to dock. I suggest you do the same."
"9.ogg","Start Scheduled Cleaning. ","Scheduled cleaning initiated. Because you can’t be trusted to remember."
"91.ogg","Clean water tank not installed, please install it. ","Clean water tank not installed. Please install it. Or just hope for the best."
"93.ogg","Low water level in the clean water tank, please add water. ","Low water level detected in the clean water tank. Please add water. Hydration is important, even for robots."
"97.ogg","Please install the dust collection bag. ","Please install the dust collection bag. Or let the dust bunnies take over."
